NUMBER,ITEM,TREE ITEM,MATERIAL DESCRIPTION,
0,Facilitating Works,0 - Facilitating Works,,
0.1,Toxic Hazadous Contaminated Material Treatment,0.1 - Toxic Hazadous Contaminated Material Treatment,,
0.1.1,Toxic or Hazardous Material Removal,0.1.1 - Toxic or Hazardous Material Removal,,
0.1.1.1,Toxic or Hazardous Material Removal Details,0.1.1.1 - Toxic or Hazardous Material Removal Details,,
0.1.1.2,Toxic or Hazardous Chemicall Removal,0.1.1.2 - Toxic or Hazardous Chemicall Removal,,
0.1.2,Contaminated Land,0.1.2 - Contaminated Land,,
0.1.2.1,Contaminated Ground Material Removal,0.1.2.1 - Contaminated Ground Material Removal,,
0.1.2.2,Contaminated Ground Material Treatment,0.1.2.2 - Contaminated Ground Material Treatment,,
0.1.3,Eradication of Plant Growth,0.1.3 - Eradication of Plant Growth,,
0.1.3.1,Eradication of Dig and Dump Strategy,0.1.3.1 - Eradication of Dig and Dump Strategy,,
0.1.3.2,Eradication by Chemical Treatment,0.1.3.2 - Eradication by Chemical Treatment,,
0.2,Major Demolition Works,0.2 - Major Demolition Works,,
0.2.1,Demolition Works,0.2.1 - Demolition Works,,
0.2.1.1,Demolition of Entire Buildings,0.2.1.1 - Demolition of Entire Buildings,,
0.2.1.2,Demolition of Major Parts of Existing Buildings,0.2.1.2 - Demolition of Major Parts of Existing Buildings,,
0.2.1.3,Temporary Propping to Existing Basement Basement Retaining Walls,0.2.1.3 - Temporary Propping to Existing Basement Basement Retaining Walls,,
0.2.1.4,Extra Over Temporary Propping for Providing Wailings,0.2.1.4 - Extra Over Temporary Propping for Providing Wailings,,
0.2.1.5,Periodic Technical Inspections of Temporary Propping,0.2.1.5 - Periodic Technical Inspections of Temporary Propping,,
0.2.1.6,Returning to Site to Reposition Temporary Props,0.2.1.6 - Returning to Site to Reposition Temporary Props,,
0.2.1.7,Removal of Temporal Props,0.2.1.7 - Removal of Temporal Props,,
0.2.1.8,Removal of Wailings,0.2.1.8 - Removal of Wailings,,
0.2.1.9,Grubbing up of Anchor Blocks Foundations to Temporary Props,0.2.1.9 - Grubbing up of Anchor Blocks Foundations to Temporary Props,,
0.2.2,Soft Strip Works,0.2.2 - Soft Strip Works,,
0.2.2.1,Preparatory to Demolition,0.2.2.1 - Preparatory to Demolition,,
0.2.2.2,Preparatory to Refurbishment,0.2.2.2 - Preparatory to Refurbishment,,
0.3,Temporary Support to Adjacent Structures,0.3 - Temporary Support to Adjacent Structures,,
0.3.1,Temporary Support to Adjacent Structures,0.3.1 - Temporary Support to Adjacent Structures,,
0.3.1.1,Support Structures,0.3.1.1 - Support Structures,,
0.3.1.2,Taking Down and Repositioning Support Structures,0.3.1.2 - Taking Down and Repositioning Support Structures,,
0.3.1.3,Periodic Technical Inspections of Temporary Support Structures,0.3.1.3 - Periodic Technical Inspections of Temporary Support Structures,,
0.3.1.4,Removing Support Structures,0.3.1.4 - Removing Support Structures,,
0.4,Specialist Groundworks,0.4 - Specialist Groundworks,,
0.4.1,Site Dewatering and Pumping,0.4.1 - Site Dewatering and Pumping,,
0.4.1.1,Site Dewatering,0.4.1.1 - Site Dewatering,,
0.4.2,Ground Gas Venting Measures,0.4.2 - Ground Gas Venting Measures,,
0.4.2.1,Ground Gas Venting,0.4.2.1 - Ground Gas Venting,,
0.5,Temporary Diversion Works,0.5 - Temporary Diversion Works,,
0.5.1,Temporary Diversion Works,0.5.1 - Temporary Diversion Works,,
0.5.1.1,Temporary Diversion of Drains,0.5.1.1 - Temporary Diversion of Drains,,
0.5.1.2,Temporary Diversion Services,0.5.1.2 - Temporary Diversion Services,,
0.5.1.3,Temporary Diversion Waterways,0.5.1.3 - Temporary Diversion Waterways,,
0.6,Extraordinary Site Investigation Works,0.6 - Extraordinary Site Investigation Works,,
0.6.1,Archeological Investigation,0.6.1 - Archeological Investigation,,
0.6.1.1,Excavation Works,0.6.1.1 - Excavation Works,,
0.6.1.2,Temporary Screens,0.6.1.2 - Temporary Screens,,
0.6.1.3,Attendance on Archeologists,0.6.1.3 - Attendance on Archeologists,,
0.6.2,Reptile Wildlife Mitigation Measures,0.6.2 - Reptile Wildlife Mitigation Measures,,
0.6.2.1,Physical Reptile Wildlife Mitigation Measures,0.6.2.1 - Physical Reptile Wildlife Mitigation Measures,,
0.6.2.2,Temporary Fences Barriers,0.6.2.2 - Temporary Fences Barriers,,
0.6.2.3,Attendance,0.6.2.3 - Attendance,,
0.6.3,Other Extraordinary Site Investigation Works,0.6.3 - Other Extraordinary Site Investigation Works,,
0.6.3.1,Physical Site Investigation Works,0.6.3.1 - Physical Site Investigation Works,,
0.6.3.2,Temporary Screens Fences Barriers,0.6.3.2 - Temporary Screens Fences Barriers,,
0.6.3.3,Attendance,0.6.3.3 - Attendance,,
1,Substructure,1 - Substructure,,
1.1,Standard Foundations,1.1 - Standard Foundations,,
1.1.1,Strip Foundations,1.1.1 - Strip Foundations,Foundation - Concrete: Cast In Situ,
1.1.2,Isolated Pad Foundations,1.1.2 - Isolated Pad Foundations,,
1.1.3,Extra for Disposal of Contaminated Excavated Material,1.1.3 - Extra for Disposal of Contaminated Excavated Material,,
1.2,Specialist Foundation,1.2 - Specialist Foundation,,
1.2.1,Piled Foundations,1.2.1 - Piled Foundations,,
1.2.1.1,Piling Mats Platforms,1.2.1.1 - Piling Mats Platforms,,
1.2.1.10,Pile Tests,1.2.1.10 - Pile Tests,,
1.2.1.11,Vibro Compacted Columns,1.2.1.11 - Vibro Compacted Columns,,
1.2.1.12,Pile Caps,1.2.1.12 - Pile Caps,,
1.2.1.13,Ground Beams,1.2.1.13 - Ground Beams,,
1.2.1.2,Piling Plants,1.2.1.2 - Piling Plants,,
1.2.1.3,Moving Piling Rigs to Pile Position,1.2.1.3 - Moving Piling Rigs to Pile Position,,
1.2.1.4,Piles,1.2.1.4 - Piles,,
1.2.1.5,Extra for Pile Casings or Linings,1.2.1.5 - Extra for Pile Casings or Linings,,
1.2.1.6,Caissons,1.2.1.6 - Caissons,,
1.2.1.7,Disposal of Excavated Material Arising From Piling,1.2.1.7 - Disposal of Excavated Material Arising From Piling,,
1.2.1.8,Extra for Breaking Through Obstructions,1.2.1.8 - Extra for Breaking Through Obstructions,,
1.2.1.9,Cutting Off Tops of Concrete Piles and Preparing Pile Heads,1.2.1.9 - Cutting Off Tops of Concrete Piles and Preparing Pile Heads,,
1.2.2,Underpinning,1.2.2 - Underpinning,,
1.2.2.1,Underpinning,1.2.2.1 - Underpinning,,
1.3,Lowest Floor Construction,1.3 - Lowest Floor Construction,,
1.3.1,Lowest Floor Construction - slab,1.3.1 - Lowest Floor Construction - slab,Floor - Concrete Masonry: Floor Block,
1.3.2,Substrate ( gravel and crushed rock) to lowest floor construction,1.3.2 - Substrate ( gravel and crushed rock) to lowest floor construction,Floor - Site - Hardcore,
1.3.3,Sand for leveling and base filling ,1.3.3 - Sand for leveling and base filling ,Floor - Sand,
1.3.4,General insulation where applicable -Rigid,1.3.4 - Sand for leveling and base filling ,Floor - Rigid insulation,
1.3.5,Extra Over Lowest Floor Construction,1.3.5 - Extra Over Lowest Floor Construction,,
1.3.6,Retaining walls at Changes in Levels,1.3.6 - Retaining walls at Changes in Levels,,
1.3.7,Testing of Drainage Installations,1.3.7 -Testing of Drainage Installations,,
1.3.8,Commissioning of Drainage Installations,1.3.8 - Commissioning of Drainage Installations,,
1.3.9,Internal Manholes Catch-Pits Petrol interceptors,1.3.9 - Internal Manholes Catch-Pits Petrol interceptors,,
1.4,Basement Excavation,1.4 - Basement Excavation,,
1.4.1,Basement Excavation,1.4.1 - Basement Excavation,,
1.4.2,Disposal of Excavated Material,1.4.2 - Disposal of Excavated Material,,
1.4.3,Extra for Disposal of Contaminated Excavated Material,1.4.3 - Extra for Disposal of Contaminated Excavated Material,,
1.4.4,Earthwork Support,1.4.4 - Earthwork Support,,
1.4.5,Additional Excavation,1.4.5 - Additional Excavation,,
1.5,Basement Retaining Walls,1.5 - Basement Retaining Walls,,
1.5.1,Basement Retaining Walls,1.5.1 - Basement Retaining Walls,,
1.5.2,Embedded Basement retaining walls,1.5.2 - Embedded Basement retaining walls,,
1.5.2.1,Piling Mats Platforms,1.5.2.1 - Piling Mats Platforms,,
1.5.2.10,Cutting Off Surplus Lengths Steel Sheet Piling,1.5.2.10 - Cutting Off Surplus Lengths Steel Sheet Piling,,
1.5.2.11,Pile Tests,1.5.2.11 - Pile Tests,,
1.5.2.12,Diaphram Walls,1.5.2.12 - Diaphram Walls,,
1.5.2.13,Ground Anchors,1.5.2.13 - Ground Anchors,,
1.5.2.14,Trimming and Cleaning Faces of Piled and Diaphram Walls,1.5.2.14 - Trimming and Cleaning Faces of Piled and Diaphram Walls,,
1.5.2.15,Temporary Walls,1.5.2.15 - Temporary Walls,,
1.5.2.16,Removal of Temporal Works,1.5.2.16 - Removal of Temporal Works,,
1.5.2.17,Capping Beams,1.5.2.17 - Capping Beams,,
1.5.2.18,Basement Retaining Walls Components,1.5.2.18 - Basement Retaining Walls Components,,
1.5.2.19,Concrete Applied by Spray or Gun,1.5.2.19 - Concrete Applied by Spray or Gun,,
1.5.2.2,Walls Piling Plant,1.5.2.2 - Walls Piling Plant,,
1.5.2.3,Moving Piling Rig to Pile Position,1.5.2.3 - Moving Piling Rig to Pile Position,,
1.5.2.4,Guide Walls,1.5.2.4 - Guide Walls,,
1.5.2.5,Piles,1.5.2.5 - Piles,,
1.5.2.6,Contigous Bored Pile Walls,1.5.2.6 - Contigous Bored Pile Walls,,
1.5.2.7,Disposal of Excavated Material Arising From Piling,1.5.2.7 - Disposal of Excavated Material Arising From Piling,,
1.5.2.8,Cutting Off Tops of Concrete Piles,1.5.2.8 - Cutting Off Tops of Concrete Piles,,
1.5.2.9,Steel Sheet Piling,1.5.2.9 - Steel Sheet Piling,,
2,Superstructure,2 - Superstructure,,
2.1,Frame,2.1 - Frame,,
2.1.1,Steel Frames,2.1.1 - Steel Frames,,
2.1.1.1,Structural Steel Frame,2.1.1.1 - Structural Steel Frame,,
2.1.1.2,Fire Protection to Steel Frame,2.1.1.2 - Fire Protection to Steel Frame,,
2.1.1.3,Factory Applied Paint Systems,2.1.1.3 - Factory Applied Paint Systems,,
2.1.2,Space Frames Decks,2.1.2 - Space Frames Decks,,
2.1.2.1,Space Frame Deck and Structural Support,2.1.2.1 - Space Frame Deck and Structural Support,,
2.1.2.2,Fire Protection to Steel,2.1.2.2 - Fire Protection to Steel,,
2.1.2.3,Factory Applied Paint Systems,2.1.2.3 - Factory Applied Paint Systems,,
2.1.3,Concrete Casings to Steel Frames,2.1.3 - Concrete Casings to Steel Frames,,
2.1.3.1,Column Casings,2.1.3.1 - Column Casings,,
2.1.3.2,Beam Casings,2.1.3.2 - Beam Casings,,
2.1.4,Concrete Frames,2.1.4 - Concrete Frames,,
2.1.4.1,Columns,2.1.4.1 - Columns,,
2.1.4.2,Beams,2.1.4.2 - Beams,,
2.1.4.3,Walls,2.1.4.3 - Walls,,
2.1.4.4,Extra Over Walls,2.1.4.4 - Extra Over Walls,,
2.1.4.5,Designed Joints,2.1.4.5 - Designed Joints,,
2.1.5,Timber Frames,2.1.5 - Timber Frames,,
2.1.6,Specialists Frames,2.1.6 - Specialists Frames,,
2.2,Upper Floors,2.2 - Upper Floors,,
2.2.1,Floors,2.2.1 - Floors,,
2.2.1.1,Concrete Floors,2.2.1.1 - Concrete Floors,,
2.2.1.2,Precast Composite Decking Systems,2.2.1.2 - Precast Composite Decking Systems,,
2.2.1.3,Timber Floors,2.2.1.3 - Timber Floors,,
2.2.1.4,Structured Screeds,2.2.1.4 - Structured Screeds,,
2.2.2,Balconies,2.2.2 - Balconies,,
2.2.2.1,Balconies,2.2.2.1 - Balconies,,
2.2.3,Drainage to Balconies,2.2.3 - Drainage to Balconies,,
2.2.3.1,Rainwater Pipes,2.2.3.1 - Rainwater Pipes,,
2.2.3.2,Floor Outlets,2.2.3.2 - Floor Outlets,,
2.2.3.3,Testing of Installations,2.2.3.3 - Testing of Installations,,
2.2.3.4,Commissioning of Installations,2.2.3.4 - Commissioning of Installations,,
2.3,Roof,2.3 - Roof,,
2.3.1,Roof Structure,2.3.1 - Roof Structure,,
2.3.1.1,Truss and purlin system,2.3.1.1 - Truss and purlin system,Roof - Steel Purlins,
2.3.1.2,Roof slab ,2.3.1.1 - Roof slab ,Roof - Concrete: Cast In Situ,
2.3.1.3,Rigid insulation to roof,2.3.1.1 - Rigid insulation to roof,Roof - Rigid insulation,
2.3.1.4,Roof felt,2.3.1.1 - Roof felt,Roof - Roofing Felt,
2.3.1.5,Metal panels,2.3.1.1 - Metal panels,Roof - Metal Panel,
2.3.2,Roof Coverings,2.3.2 - Roof Coverings,,
2.3.2.1,Roof Tiles,2.3.2.1 - Roof Tiles,Roof - Roofing: Tile,
2.3.2.2,Non structural screeds and thermal insulation and surface treatments,2.3.2.2 - Non structural screeds and thermal insulation and surface treatments,Roof - Concrete: Sand/Cement Screed,
2.3.2.3,Extra Over Roof Coverings to Dormers Including Cladding to Dormer Cheeks,2.3.2.3 - Extra Over Roof Coverings to Dormers Including Cladding to Dormer Cheeks,,
2.3.2.4,Eaves Verge Treatment to Roofs,2.3.2.4 - Eaves Verge Treatment to Pitched Roofs,,
2.3.2.5,Edge Treatment to Roofs,2.3.2.5 - Edge Treatment to Flat Roofs,,
2.3.2.6,Flashings,2.3.2.6 - Flashings,,
2.3.3,Specialist Roof Systems,2.3.3 - Specialist Roof Systems,,
2.3.3.1,Specialist Roof Systems - structure including rafters and purlins,2.3.3.1 - Specialist Roof Systems,,
2.3.4,Roof Drainage,2.3.4 - Roof Drainage,,
2.3.4.1,Gutters,2.3.4.1 - Gutters,,
2.3.4.2,Rainwater Pipes,2.3.4.2 - Rainwater Pipes,,
2.3.4.3,Testing Installations,2.3.4.3 - Testing Installations,,
2.3.4.4,Commissioning of Installations,2.3.4.4 - Commissioning of Installations,,
2.3.5,Rooflights Skylights and Openings,2.3.5 - Rooflights Skylights and Openings,,
2.3.6,Roof Features,2.3.6 - Roof Features,,
2.3.6.1,Roof Features,2.3.6.1 - Roof Features,,
2.4,Stairs and Ramps,2.4 - Stairs and Ramps,,
2.4.1,Stair Ramp Structures,2.4.1 - Stair Ramp Structures,,
2.4.1.1,Stair Structures,2.4.1.1 - Stair Structures,,
2.4.1.2,Ramp Structures,2.4.1.2 - Ramp Structures,,
2.4.2,Stair Ramp Finishes,2.4.2 - Stair Ramp Finishes,,
2.4.2.1,Stair Finishes,2.4.2.1 - Stair Finishes,,
2.4.2.2,Ramp Finishes,2.4.2.2 - Ramp Finishes,,
2.4.3,Stair Ramp Balustrades and Handrails,2.4.3 - Stair Ramp Balustrades and Handrails,,
2.4.3.1,Wall Handrails,2.4.3.1 - Wall Handrails,,
2.4.3.2,Combined Balustrades and Handrails,2.4.3.2 - Combined Balustrades and Handrails,,
2.4.4,Ladders Chutes Slides,2.4.4 - Ladders Chutes Slides,,
2.4.4.1,Ladders,2.4.4.1 - Ladders,,
2.4.4.2,Chutes,2.4.4.2 - Chutes,,
2.4.4.3,Slides,2.4.4.3 - Slides,,
2.5,External Walls,2.5 - External Walls,,
2.5.1,External Enclosing Above Ground Level,2.5.1 - External Enclosing Above Ground Level,,
2.5.1.1,External Walls,2.5.1.1 - External Walls,,
2.5.1.10,Safety Barriers Handrails or Combined Balusters and Handrails to Facetted Glazing or Cladding Systems,2.5.1.10 - Safety Barriers Handrails or Combined Balusters and Handrails to Facetted Glazing or Cladding Systems,,
2.5.1.11,Finishes Applied to External Walls,2.5.1.11 - Finishes Applied to External Walls,,
2.5.1.2,Extra Over External Walls for Plinths Cornices Ornamental Bands,2.5.1.2 - Extra Over External Walls for Plinths Cornices Ornamental Bands,,
2.5.1.3,Extra Over External Walls for Quoins,2.5.1.3 - Extra Over External Walls for Quoins,,
2.5.1.4,Extra Over External Walls for Forming Openings for Windows,2.5.1.4 - Extra Over External Walls for Forming Openings for Windows,,
2.5.1.5,Extra Over External Walls for Forming Openings for External Doors,2.5.1.5 - Extra Over External Walls for Forming Openings for External Doors,,
2.5.1.6,Extra Over Cladding or Curtain Walling System for Integral Photovoltaic Panels,2.5.1.6 - Extra Over Cladding or Curtain Walling System for Integral Photovoltaic Panels,,
2.5.1.7,Extra Over Cladding or Curtain Walling System for Integral Opening Vents and Panels,2.5.1.7 - Extra Over Cladding or Curtain Walling System for Integral Opening Vents and Panels,,
2.5.1.8,Projecting Fins to Cladding or Curtain Walling System,2.5.1.8 - Projecting Fins to Cladding or Curtain Walling System,,
2.5.1.9,Extra Over Projecting Fins for Applied Artwork,2.5.1.9 - Extra Over Projecting Fins for Applied Artwork,,
2.5.2,External Enclosing Below Ground Level,2.5.2 - External Enclosing Below Ground Level,,
2.5.2.1,Brick or Block Walls ,2.5.2.1 - Brick or Block Walls ,Wall - Brick: Common,
2.5.2.2,Morter for Joints,2.5.2.2 - Morter for Joints,,
2.5.2.3,Wall flexible insulation,2.5.2.3 - Wall flexible insulation,Wall - Fiberglass Batt,
2.5.2.4,Wall rigid and semi-rigid insulation ,2.5.2.4 - Wall rigid and semi-rigid insulation ,,
2.5.2.5,Wall Concrete Units,2.5.2.5 - Wall Concrete Units,Wall - Concrete Masonry Units,
2.5.2.6,Wall Metal studs and related layers,2.5.2.6 - Wall Metal studs and related layers,Wall - Metal Stud Layer,
2.5.2.7,Extra Over External Walls for Quoins and Plinths Cornices Ornamental Bands ,2.5.2.7 - Extra Over External Walls for Quoins and Plinths Cornices Ornamental Bands ,,
2.5.2.8,Extra Over External Walls for Forming Openings for External Doors and Windows,2.5.2.8 - Extra Over External Walls for Forming Openings for External Doors and Windows,,
2.5.2.9,Finishes to External Walls,2.5.2.9 - Finishes to External Walls,,
2.5.3,Solar Rain Screening,2.5.3 - Solar Rain Screening,,
2.5.3.1,Vertical Solar Rain Screening,2.5.3.1 - Vertical Solar Rain Screening,,
2.5.3.2,Horizontal Solar Rain Screening,2.5.3.2 - Horizontal Solar Rain Screening,,
2.5.4,External Soffits,2.5.4 - External Soffits,,
2.5.4.1,External Soffit,2.5.4.1 - External Soffit,,
2.5.4.2,Cornices Coverings,2.5.4.2 - Cornices Coverings,,
2.5.4.3,Shadow Gaps,2.5.4.3 - Shadow Gaps,,
2.5.4.4,Access Hatches,2.5.4.4 - Access Hatches,,
2.5.4.5,Finishes Applied to External Soffit,2.5.4.5 - Finishes Applied to External Soffit,,
2.5.5,Subsidiary Walls Balustrades and Proprietary Balconies,2.5.5 - Subsidiary Walls Balustrades and Proprietary Balconies,,
2.5.5.1,Walls,2.5.5.1 - Walls,,
2.5.5.10,Commissioning of Rainwater Drainage Installations,2.5.5.10 - Commissioning of Rainwater Drainage Installations,,
2.5.5.2,Walls Forming Planters,2.5.5.2 - Walls Forming Planters,,
2.5.5.3,Combined Balustrades and Handrails,2.5.5.3 - Combined Balustrades and Handrails,,
2.5.5.4,Wall Mounted Handrails,2.5.5.4 - Wall Mounted Handrails,,
2.5.5.5,Parapet Railings,2.5.5.5 - Parapet Railings,,
2.5.5.6,Proprietary Bolt-on Balconies,2.5.5.6 - Proprietary Bolt-on Balconies,,
2.5.5.7,Rainwater Pipes,2.5.5.7 - Rainwater Pipes,,
2.5.5.8,Floor Outlets,2.5.5.8 - Floor Outlets,,
2.5.5.9,Testing of Rainwater Drainage Installations,2.5.5.9 - Testing of Rainwater Drainage Installations,,
2.5.6,Facade Access Cleaning Systems,2.5.6 - Facade Access Cleaning Systems,,
2.5.6.1,Facade Cleaning Systems,2.5.6.1 - Facade Cleaning Systems,,
2.5.6.2,Testing of Installations,2.5.6.2 - Testing of Installations,,
2.5.6.3,Commissioning of Installations,2.5.6.3 - Commissioning of Installations,,
2.6,Windows and External Doors,2.6 - Windows and External Doors,,
2.6.1,External Windows,2.6.1 - External Windows,,
2.6.1.1,Windows panels -glass,2.6.1.1 - Windows panels -glass,,
2.6.1.2,Windows panels - others,2.6.1.2 - Windows panels -others,,
2.6.1.3,Window frames,2.6.1.3 - Windows frames,,
2.6.1.4,Louvers,2.6.1.4 - Louvers,,
2.6.1.5,Shop Fronts,2.6.1.5 - Shop Fronts,,
2.6.1.6,Shutters,2.6.1.6 - Shutters,,
2.6.2,External Doors,2.6.2 - External Doors,,
2.6.2.1,External Doors panels - wood,2.6.2.1 -External Doors panels - wood,Door - Door - Panel,
2.6.2.2,External Doors panels - glass,2.6.2.2 - External Doors panels - glass,Door - Door - Glazing,
2.6.2.3,External Doors steel,2.6.2.3 - External Doors steel,,
2.6.2.4,Door frames - wood,2.6.2.4 - Door frames - wood,Door - Door - Frame/Mullion,
2.6.2.5,Door frames - steel,2.6.2.5 -Door frames - steel,,
2.6.2.6,Architraves,2.6.2.6 - Architraves,Door - Door - Architrave,
2.6.2.7,Shutters,2.6.2.7 - Shutters,,
2.6.2.8,Revolving doors,2.6.2.8 - Revolving doors,,
2.6.2.9,Specialist doors,2.6.2.9 - Specialist doors,,
2.7,Internal Walls and Partitions,2.7 - Internal Walls and Partitions,,
2.7.1,Walls and Partitions,2.7.1 - Walls and Partitions,,
2.7.1.1,Internal Walls - Partitions Brick or block units,2.7.1.1 - Internal Walls - Partitions Brick or block units,Wall - Brick: Common,
2.7.1.2,Morter for Joints,2.7.1.2 -Morter for Joints,,
2.7.1.3,Wall flexible insulation,2.7.1.3 - Wall flexible insulation,Wall - Fiberglass Batt,
2.7.1.4,Wall rigid and semi-rigid insulation ,2.7.1.4 - Wall rigid and semi-rigid insulation ,Wall - Gypsum Wall Board,
2.7.1.5,Wall Concrete Units,2.7.1.5 -Wall Concrete Units,Wall - Concrete Masonry Units,
2.7.1.6,Wall Metal studs related layers,2.7.1.6 -Wall Metal studs related layers,Wall - Metal Stud Layer,
2.7.1.7,Extra Over Internal Walls for Forming Openings,2.7.1.7 - Extra Over Internal Walls for Forming Openings,,
2.7.1.8,Fixed Partitions,2.7.1.8 - Fixed Partitions,,
2.7.1.9,Extra Over Fixed Partitions,2.7.1.9 - Extra Over Fixed Partitions,,
2.7.2,Balustrades and Handrails,2.7.2 - Balustrades and Handrails,,
2.7.2.1,Combined Balustrades and Handrails,2.7.2.1 - Combined Balustrades and Handrails,,
2.7.3,Moveable Room Dividers,2.7.3 - Moveable Room Dividers,,
2.7.3.1,Moveable Room Dividers and Partitions,2.7.3.1 - Moveable Room Dividers and Partitions,,
2.7.4,Cubicles,2.7.4 - Cubicles,,
2.7.4.1,Cubicles,2.7.4.1 - Cubicles,,
2.7.4.2,Fixed Partitions,2.7.4.2 - Fixed Partitions,,
2.8,Internal Doors,2.8 - Internal Doors,,
2.8.1,Internal Doors,2.8.1 - Internal Doors,,
2.8.2,Fire Resisting Doors,2.8.2 - Fire Resisting Doors,,
2.8.3,Door Sets,2.8.3 - Door Sets,,
2.8.4,Composite Door and Sidelights,2.8.4 - Composite Door and Sidelights,,
2.8.5,Shutters,2.8.5 - Shutters,,
2.8.5.1,Roller Shutters,2.8.5.1 - Roller Shutters,,
2.8.5.2,Sliding Shutters,2.8.5.2 - Sliding Shutters,,
2.8.5.3,Grilles,2.8.5.3 - Grilles,,
2.8.6,Architraves,2.8.6 - Architraves,,
3,Internal Finishes,3 - Internal Finishes,,
3.1,Wall Finishes,3.1 - Wall Finishes,,
3.1.1,Finishes to Walls and Columns,3.1.1 - Finishes to Walls and Columns,,
3.1.2,Picture Rails Dado Rails,3.1.2 - Picture Rails Dado Rails,,
3.1.3,Proprietary Impact and Bumper Guards Protection Strips Corner Protectors,3.1.3 - Proprietary Impact and Bumper Guards Protection Strips Corner Protectors,,
3.2,Floor Finishes,3.2 - Floor Finishes,,
3.2.1,Finishes to Floors,3.2.1 - Finishes to Floors,,
3.2.1.1,Finishes to Floors,3.2.1.1 - Finishes to Floors,,
3.2.1.2,Specialist Flooring Systems,3.2.1.2 - Specialist Flooring Systems,,
3.2.1.3,Skirtings,3.2.1.3 - Skirtings,,
3.2.1.4,Mat Wells and Mats,3.2.1.4 - Mat Wells and Mats,,
3.2.1.5,Finishes to Swimming Pool Tanks Including Linings,3.2.1.5 - Finishes to Swimming Pool Tanks Including Linings,,
3.2.1.6,Line Markings,3.2.1.6 - Line Markings,,
3.2.1.7,Numeral and Symbols,3.2.1.7 - Numeral and Symbols,,
3.2.2,Raised Access Floors,3.2.2 - Raised Access Floors,,
3.2.2.1,Raised Access Floors Systems,3.2.2.1 - Raised Access Floors Systems,,
3.2.2.2,Skirtings,3.2.2.2 - Skirtings,,
3.3,Ceiling Finishes,3.3 - Ceiling Finishes,,
3.3.1,Finishes to Ceilings,3.3.1 - Finishes to Ceilings,,
3.3.1.1,Finishes to Ceilings,3.3.1.1 - Finishes to Ceilings,,
3.3.1.2,Cornices Covings,3.3.1.2 - Cornices Covings,,
3.3.2,False Ceilings,3.3.2 - False Ceilings,,
3.3.2.1,False Ceilings,3.3.2.1 - False Ceilings,,
3.3.2.2,Cornices Covings,3.3.2.2 - Cornices Covings,,
3.3.2.3,Access Hatches,3.3.2.3 - Access Hatches,,
3.3.3,Demountable Suspended Ceilings,3.3.3 - Demountable Suspended Ceilings,,
3.3.3.1,Demountable Suspended Ceilings,3.3.3.1 - Demountable Suspended Ceilings,,
3.3.3.2,Shadow Gaps,3.3.3.2 - Shadow Gaps,,
3.3.3.3,Access Hatches,3.3.3.3 - Access Hatches,,
4,Fittings Furnishes and Equipment,4 - Fittings Furnishes and Equipment,,
4.1,General Fittings Furnishings Equipment,4.1 - General Fittings Furnishings Equipment,,
4.1.1,Fittings,4.1.1 - Fittings,,
4.1.2,Furnishings,4.1.2 - Furnishings,,
4.1.3,Equipment,4.1.3 - Equipment,,
4.2,Domestic Kitchen Fittings and Equipment,4.2 - Domestic Kitchen Fittings and Equipment,,
4.2.1,Kitchen Units,4.2.1 - Kitchen Units,,
4.2.2,Kitchen Appliances,4.2.2 - Kitchen Appliances,,
4.2.3,Waste Bins Towel Rails Storage Racks and Other Accessories,4.2.3 - Waste Bins Towel Rails Storage Racks and Other Accessories,,
4.3,Special Purpose Fittings Furnishings and Equipment,4.3 - Special Purpose Fittings Furnishings and Equipment,,
4.3.1,Fittings,4.3.1 - Fittings,,
4.3.2,Furnishings,4.3.2 - Furnishings,,
4.3.3,Equipment,4.3.3 - Equipment,,
4.4,Signs Notices,4.4 - Signs Notices,,
4.4.1,Component,4.4.1 - Component,,
4.5,Works of Art,4.5 - Works of Art,,
4.5.1,Objects DArt and Other Ornamental Features,4.5.1 - Objects DArt and Other Ornamental Features,,
4.5.2,Decorative Features and Panels,4.5.2 - Decorative Features and Panels,,
4.6,Non-Mechanical and Non-Electrical,4.6 - Non-Mechanical and Non-Electrical,,
4.6.1,Equipment,4.6.1 - Equipment,,
4.6.2,Removable Ladders and the Like,4.6.2 - Removable Ladders and the Like,,
4.7,Internal Planting,4.7 - Internal Planting,,
4.7.1,Plant and Shrub Beds,4.7.1 - Plant and Shrub Beds,,
4.7.2,Plant Containers,4.7.2 - Plant Containers,,
4.7.3,Trees,4.7.3 - Trees,,
4.7.4,Tree Planters,4.7.4 - Tree Planters,,
4.8,Bird and Vermin Control,4.8 - Bird and Vermin Control,,
4.8.1,Wires Net Traps,4.8.1 - Wires Net Traps,,
4.8.2,Electronic and Sonic System,4.8.2 - Electronic and Sonic System,,
4.8.3,Bird Repellent Coatings,4.8.3 - Bird Repellent Coatings,,
5,Services,5 - Services,,
5.1,Sanitory Installations,5.1 - Sanitory Installations,,
5.1.1,Sanitory Appliances,5.1.1 - Sanitory Appliances,,
5.1.1.1,Sanitory Appliances,5.1.1.1 - Sanitory Appliances,,
5.1.1.2,Testing of Installations,5.1.1.2 - Testing of Installations,,
5.1.1.3,Commissioning of Installations,5.1.1.3 - Commissioning of Installations,,
5.1.2,Sanitory Ancillaries,5.1.2 - Sanitory Ancillaries,,
5.1.2.1,Fittings,5.1.2.1 - Fittings,,
5.10,Lift and Conveyor Installations,5.10 - Lift and Conveyor Installations,,
5.10.1,Lift and Enclosed Hoists,5.10.1 - Lift and Enclosed Hoists,,
5.10.1.1,Lifts,5.10.1.1 - Lifts,,
5.10.1.1.1,Passenger Lifts,5.10.1.1.1 - Passenger Lifts,,
5.10.1.1.2,Wall Climbing Lift,5.10.1.1.2 - Wall Climbing Lift,,
5.10.1.1.3,Goods Lift,5.10.1.1.3 - Goods Lift,,
5.10.1.1.4,Testing Lift Installations,5.10.1.1.4 - Testing Lift Installations,,
5.10.1.1.5,Commissioning Lift Installations,5.10.1.1.5 - Commissioning Lift Installations,,
5.10.1.2,Enclosed Hoists,5.10.1.2 - Enclosed Hoists,,
5.10.1.2.1,Enclosed Hoists,5.10.1.2.1 - Enclosed Hoists,,
5.10.1.2.2,Testing of Enclosed Hoists Installations,5.10.1.2.2 - Testing of Enclosed Hoists Installations,,
5.10.1.2.3,Commissioning of Enclosed Hoists Installations,5.10.1.2.3 - Commissioning of Enclosed Hoists Installations,,
5.10.10,Other Lift and Conveyor Installations,5.10.10 - Other Lift and Conveyor Installations,,
5.10.2,Escalators,5.10.2 - Escalators,,
5.10.2.1,Escalators,5.10.2.1 - Escalators,,
5.10.3,Moving Pavements,5.10.3 - Moving Pavements,,
5.10.3.1,Movement Pavements,5.10.3.1 - Movement Pavements,,
5.10.3.2,Testing of Installations,5.10.3.2 - Testing of Installations,,
5.10.3.3,Commissioning of Installations,5.10.3.3 - Commissioning of Installations,,
5.10.4,Powered Stairlifts,5.10.4 - Powered Stairlifts,,
5.10.4.1,Powered Stairlifts,5.10.4.1 - Powered Stairlifts,,
5.10.4.2,Testing of Installations,5.10.4.2 - Testing of Installations,,
5.10.4.3,Commissioning of Installations,5.10.4.3 - Commissioning of Installations,,
5.10.5,Conveyors,5.10.5 - Conveyors,,
5.10.5.1,People Conveyors,5.10.5.1 - People Conveyors,,
5.10.5.2,Goods Conveyor,5.10.5.2 - Goods Conveyor,,
5.10.5.3,Testing of Installations,5.10.5.3 - Testing of Installations,,
5.10.5.4,Commissioning of Installations,5.10.5.4 - Commissioning of Installations,,
5.10.6,Dock Levellers and Scissor Lifts,5.10.6 - Dock Levellers and Scissor Lifts,,
5.10.6.1,Dock Levellers and Scissor Lifts,5.10.6.1 - Dock Levellers and Scissor Lifts,,
5.10.6.2,Scissor Lifts,5.10.6.2 - Scissor Lifts,,
5.10.6.3,Testing of Installations,5.10.6.3 - Testing of Installations,,
5.10.6.4,Commissioning of Installations,5.10.6.4 - Commissioning of Installations,,
5.10.7,Cranes and Enclosed Hoists,5.10.7 - Cranes and Enclosed Hoists,,
5.10.7.1,Cranes,5.10.7.1 - Cranes,,
5.10.7.2,Travelling Cranes,5.10.7.2 - Travelling Cranes,,
5.10.7.3,Unenclosed Hoists,5.10.7.3 - Unenclosed Hoists,,
5.10.7.4,Testing of Installations,5.10.7.4 - Testing of Installations,,
5.10.7.5,Commissioning of Installations,5.10.7.5 - Commissioning of Installations,,
5.10.8,Car Lifts Car Stacking Systems,5.10.8 - Car Lifts Car Stacking Systems,,
5.10.8.1,Car Lifts,5.10.8.1 - Car Lifts,,
5.10.8.2,Car Stacking Systems,5.10.8.2 - Car Stacking Systems,,
5.10.8.3,Vehicle Turntables,5.10.8.3 - Vehicle Turntables,,
5.10.8.4,Testing of Installations,5.10.8.4 - Testing of Installations,,
5.10.8.5,Commissioning of Installations,5.10.8.5 - Commissioning of Installations,,
5.10.9,Document Handling Systems,5.10.9 - Document Handling Systems,,
5.10.9.1,Document Handling Delivery Systems,5.10.9.1 - Document Handling Delivery Systems,,
5.10.9.2,Warehouse Picking Systems,5.10.9.2 - Warehouse Picking Systems,,
5.10.9.3,Other Systems,5.10.9.3 - Other Systems,,
5.10.9.4,Testing of Installations,5.10.9.4 - Testing of Installations,,
5.10.9.5,Commissioning of Installations,5.10.9.5 - Commissioning of Installations,,
5.11,Fire and lighting Protection,5.11 - Fire and lighting Protection,,
5.11.1,Fire Fighting Systems,5.11.1 - Fire Fighting Systems,,
5.11.1.1,Fire Hose Reels,5.11.1.1 - Fire Hose Reels,,
5.11.1.2,Dry Risers,5.11.1.2 - Dry Risers,,
5.11.1.3,Wet Risers,5.11.1.3 - Wet Risers,,
5.11.1.4,Fire and Smoke Protection Curtain,5.11.1.4 - Fire and Smoke Protection Curtain,,
5.11.1.5,Other Fire Fighting Systems,5.11.1.5 - Other Fire Fighting Systems,,
5.11.1.6,Testing of Installations,5.11.1.6 - Testing of Installations,,
5.11.1.7,Commissioning of Installations,5.11.1.7 - Commissioning of Installations,,
5.11.2,Fire Supression Systems,5.11.2 - Fire Supression Systems,,
5.11.2.1,Sprinklers,5.11.2.1 - Sprinklers,,
5.11.2.2,Deluge Systems,5.11.2.2 - Deluge Systems,,
5.11.2.3,Gas Fire Fighting Systems,5.11.2.3 - Gas Fire Fighting Systems,,
5.11.2.4,Foam Fire Fighting Systems,5.11.2.4 - Foam Fire Fighting Systems,,
5.11.2.5,Other Fire Supression Systems,5.11.2.5 - Other Fire Supression Systems,,
5.11.2.6,Testing of Installations,5.11.2.6 - Testing of Installations,,
5.11.2.7,Commissioning of Installations,5.11.2.7 - Commissioning of Installations,,
5.11.3,Lightning Protection,5.11.3 - Lightning Protection,,
5.11.3.1,Lightning Protection Installations,5.11.3.1 - Lightning Protection Installations,,
5.11.3.2,Testing of Installations,5.11.3.2 - Testing of Installations,,
5.11.3.3,Commissioning of Installations,5.11.3.3 - Commissioning of Installations,,
5.12,Communication Security and Control Systems,5.12 - Communication Security and Control Systems,,
5.12.1,Communication Systems,5.12.1 - Communication Systems,,
5.12.1.1,Telecommunication Systems,5.12.1.1 - Telecommunication Systems,,
5.12.1.10,Clocks Card Clocks Flexitime Installations,5.12.1.10 - Clocks Card Clocks Flexitime Installations,,
5.12.1.11,Door Entry Systems,5.12.1.11 - Door Entry Systems,,
5.12.1.12,Radio and Televisions,5.12.1.12 - Radio and Televisions,,
5.12.1.13,Television Systems,5.12.1.13 - Television Systems,,
5.12.1.14,TV Monitors,5.12.1.14 - TV Monitors,,
5.12.1.15,Pneumatic Message Systems,5.12.1.15 - Pneumatic Message Systems,,
5.12.1.16,Other Communication Systems,5.12.1.16 - Other Communication Systems,,
5.12.1.17,Testing of Installations,5.12.1.17 - Testing of Installations,,
5.12.1.18,Commissioning of Installations,5.12.1.18 - Commissioning of Installations,,
5.12.1.2,Data Transmission Systems,5.12.1.2 - Data Transmission Systems,,
5.12.1.3,Paging and Emergency Call Systems,5.12.1.3 - Paging and Emergency Call Systems,,
5.12.1.4,Public Address and Conference Audio Systems,5.12.1.4 - Public Address and Conference Audio Systems,,
5.12.1.5,Radio Systems,5.12.1.5 - Radio Systems,,
5.12.1.6,Projection Systems,5.12.1.6 - Projection Systems,,
5.12.1.7,Fire Detection and Alarm Systems,5.12.1.7 - Fire Detection and Alarm Systems,,
5.12.1.8,Smoke Detection and Alarm Systems,5.12.1.8 - Smoke Detection and Alarm Systems,,
5.12.1.9,Liquid Detection Systems,5.12.1.9 - Liquid Detection Systems,,
5.12.2,Security Systems,5.12.2 - Security Systems,,
5.12.2.1,Surveillance Equipment,5.12.2.1 - Surveillance Equipment,,
5.12.2.10,Commissioning of Installations,5.12.2.10 - Commissioning of Installations,,
5.12.2.2,Security Detection Equipment,5.12.2.2 - Security Detection Equipment,,
5.12.2.3,Security Alarm,5.12.2.3 - Security Alarm,,
5.12.2.4,Access Control Systems,5.12.2.4 - Access Control Systems,,
5.12.2.5,Burglar and Security Alarms,5.12.2.5 - Burglar and Security Alarms,,
5.12.2.6,Door Entry Systems,5.12.2.6 - Door Entry Systems,,
5.12.2.7,Security Lights and Lighting Systems,5.12.2.7 - Security Lights and Lighting Systems,,
5.12.2.8,Other Security Systems,5.12.2.8 - Other Security Systems,,
5.12.2.9,Testing of Installations,5.12.2.9 - Testing of Installations,,
5.12.3,Central Control Building Management Systems,5.12.3 - Central Control Building Management Systems,,
5.12.3.1,Central Control Building Management Systems,5.12.3.1 - Central Control Building Management Systems,,
5.12.3.2,Computer Aided Management Facilities Management System,5.12.3.2 - Computer Aided Management Facilities Management System,,
5.12.3.3,Testing of Installations,5.12.3.3 - Testing of Installations,,
5.12.3.4,Commissioning of Installations,5.12.3.4 - Commissioning of Installations,,
5.13,Specialist Installations,5.13 - Specialist Installations,,
5.13.1,Specialist Piped Supply Installations,5.13.1 - Specialist Piped Supply Installations,,
5.13.1.1,Medical and Laboratory Gas Supply Systems,5.13.1.1 - Medical and Laboratory Gas Supply Systems,,
5.13.1.2,Centralised Vacuum Cleaning Systems,5.13.1.2 - Centralised Vacuum Cleaning Systems,,
5.13.1.3,Treated Water Systems,5.13.1.3 - Treated Water Systems,,
5.13.1.4,Swimming Pool Water Treatment Systems,5.13.1.4 - Swimming Pool Water Treatment Systems,,
5.13.1.5,Compressed Air Systems,5.13.1.5 - Compressed Air Systems,,
5.13.1.6,Vacuum Installations,5.13.1.6 - Vacuum Installations,,
5.13.1.7,Other Specialist Piped Supply Systems,5.13.1.7 - Other Specialist Piped Supply Systems,,
5.13.1.8,Testing of Installations,5.13.1.8 - Testing of Installations,,
5.13.1.9,Commissioning of Installations,5.13.1.9 - Commissioning of Installations,,
5.13.2,Specialist Refrigeration Systems,5.13.2 - Specialist Refrigeration Systems,,
5.13.2.1,Cold Rooms,5.13.2.1 - Cold Rooms,,
5.13.2.2,Ice Pads,5.13.2.2 - Ice Pads,,
5.13.2.3,Other Specialist Refrigeration Systems,5.13.2.3 - Other Specialist Refrigeration Systems,,
5.13.2.4,Testing of Installations,5.13.2.4 - Testing of Installations,,
5.13.2.5,Commissioning of Installations,5.13.2.5 - Commissioning of Installations,,
5.13.3,Specialist Mechanical Installations,5.13.3 - Specialist Mechanical Installations,,
5.13.3.1,Other Specialist Installations,5.13.3.1 - Other Specialist Installations,,
5.13.3.2,Testing of Installations,5.13.3.2 - Testing of Installations,,
5.13.3.3,Commissioning of Installations,5.13.3.3 - Commissioning of Installations,,
5.13.4,Specialist Electrical Electronic Installations,5.13.4 - Specialist Electrical Electronic Installations,,
5.13.4.1,Specialist Electrical and Electronic Installations and or Systems,5.13.4.1 - Specialist Electrical and Electronic Installations and or Systems,,
5.13.4.2,Testing of Installations,5.13.4.2 - Testing of Installations,,
5.13.4.3,Commissioning of Installations,5.13.4.3 - Commissioning of Installations,,
5.13.5,Water Features,5.13.5 - Water Features,,
5.13.5.1,Water Features,5.13.5.1 - Water Features,,
5.13.5.2,Testing of Installations,5.13.5.2 - Testing of Installations,,
5.13.5.3,Commissioning of Installations,5.13.5.3 - Commissioning of Installations,,
5.14,Builders Work in Connection With Services,5.14 - Builders Work in Connection With Services,,
5.14.1,Builders Work in Connection With Services,5.14.1 - Builders Work in Connection With Services,,
5.14.1.1,Builders Work in General Areas,5.14.1.1 - Builders Work in General Areas,,
5.14.1.2,Builders Work in Landlord Areas,5.14.1.2 - Builders Work in Landlord Areas,,
5.14.1.3,Large Plant and Equipment Bases,5.14.1.3 - Large Plant and Equipment Bases,,
5.14.1.4,Fuel Bunds,5.14.1.4 - Fuel Bunds,,
5.2,Services Equipment,5.2 - Services Equipment,,
5.2.1,Services Equipment,5.2.1 - Services Equipment,,
5.2.1.1,Services Equipment,5.2.1.1 - Services Equipment,,
5.2.1.2,Testing of Installations,5.2.1.2 - Testing of Installations,,
5.2.1.3,Commissioning of Installations,5.2.1.3 - Commissioning of Installations,,
5.3,Disposal Installations,5.3 - Disposal Installations,,
5.3.1,Foul Drainage Above Ground,5.3.1 - Foul Drainage Above Ground,,
5.3.1.1,Drainage to Sanitary Appliance,5.3.1.1 - Drainage to Sanitary Appliance,,
5.3.1.2,Drainage to Services Equipment,5.3.1.2 - Drainage to Services Equipment,,
5.3.1.3,Testing of Installations,5.3.1.3 - Testing of Installations,,
5.3.1.4,Commissioning of Installations,5.3.1.4 - Commissioning of Installations,,
5.3.2,Chemical Toxic and Industrial Liquid Waste Drainage,5.3.2 - Chemical Toxic and Industrial Liquid Waste Drainage,,
5.3.2.1,Drainage to Appliance or Equipment,5.3.2.1 - Drainage to Appliance or Equipment,,
5.3.2.2,Testing of Installations,5.3.2.2 - Testing of Installations,,
5.3.2.3,Commissioning of Installations,5.3.2.3 - Commissioning of Installations,,
5.3.3,Refuse Disposal,5.3.3 - Refuse Disposal,,
5.3.3.1,Refuse Disposal Installations,5.3.3.1 - Refuse Disposal Installations,,
5.3.3.2,Testing of Installations,5.3.3.2 - Testing of Installations,,
5.3.3.3,Commissioning of Installations,5.3.3.3 - Commissioning of Installations,,
5.4,Water Installations,5.4 - Water Installations,,
5.4.1,Mains Water Supply,5.4.1 - Mains Water Supply,,
5.4.1.1,Mains Water Supply,5.4.1.1 - Mains Water Supply,,
5.4.1.2,Testing of Installations,5.4.1.2 - Testing of Installations,,
5.4.1.3,Commissioning of Installations,5.4.1.3 - Commissioning of Installations,,
5.4.2,Cold Water Distribution,5.4.2 - Cold Water Distribution,,
5.4.2.1,Cold Water Distribution,5.4.2.1 - Cold Water Distribution,,
5.4.2.2,Storage Tanks,5.4.2.2 - Storage Tanks,,
5.4.2.3,Rain Water Harvesting Systems,5.4.2.3 - Rain Water Harvesting Systems,,
5.4.2.4,Testing of Installations,5.4.2.4 - Testing of Installations,,
5.4.2.5,Commissioning of Installations,5.4.2.5 - Commissioning of Installations,,
5.4.3,Hot Water Distribution,5.4.3 - Hot Water Distribution,,
5.4.3.1,Hot Water Distribution,5.4.3.1 - Hot Water Distribution,,
5.4.3.2,Testing of Installations,5.4.3.2 - Testing of Installations,,
5.4.3.3,Commissioning of Installations,5.4.3.3 - Commissioning of Installations,,
5.4.4,Local Hot Water Distribution,5.4.4 - Local Hot Water Distribution,,
5.4.4.1,Water Heaters,5.4.4.1 - Water Heaters,,
5.4.4.2,Testing of Installations,5.4.4.2 - Testing of Installations,,
5.4.4.3,Commissioning of Installations,5.4.4.3 - Commissioning of Installations,,
5.4.5,Steam and Condensation Distribution,5.4.5 - Steam and Condensation Distribution,,
5.4.5.1,Steam and Condensation Distribution,5.4.5.1 - Steam and Condensation Distribution,,
5.4.5.2,Testing of Installations,5.4.5.2 - Testing of Installations,,
5.4.5.3,Commissioning of Installations,5.4.5.3 - Commissioning of Installations,,
5.5,Heat Source,5.5 - Heat Source,,
5.5.1,Heat Source,5.5.1 - Heat Source,,
5.5.1.1,Heat Source,5.5.1.1 - Heat Source,,
5.5.1.2,Testing of Installations,5.5.1.2 - Testing of Installations,,
5.5.1.3,Commissioning of Installations,5.5.1.3 - Commissioning of Installations,,
5.6,Space Heating and Air Conditioning,5.6 - Space Heating and Air Conditioning,,
5.6.1,Central Heating,5.6.1 - Central Heating,,
5.6.1.1,Central Heating Systems,5.6.1.1 - Central Heating Systems,,
5.6.1.2,Testing of Installations,5.6.1.2 - Testing of Installations,,
5.6.1.3,Commissioning of Installations,5.6.1.3 - Commissioning of Installations,,
5.6.2,Local Heating,5.6.2 - Local Heating,,
5.6.2.1,Heaters,5.6.2.1 - Heaters,,
5.6.2.2,Testing of Installations,5.6.2.2 - Testing of Installations,,
5.6.2.3,Commissioning of Installations,5.6.2.3 - Commissioning of Installations,,
5.6.3,Central Cooling,5.6.3 - Central Cooling,,
5.6.3.1,Central Cooling Systems,5.6.3.1 - Central Cooling Systems,,
5.6.3.2,Testing of Installations,5.6.3.2 - Testing of Installations,,
5.6.3.3,Commissioning of Installations,5.6.3.3 - Commissioning of Installations,,
5.6.4,Local Cooling,5.6.4 - Local Cooling,,
5.6.4.1,Cooling Units,5.6.4.1 - Cooling Units,,
5.6.4.2,Testing of Installations,5.6.4.2 - Testing of Installations,,
5.6.4.3,Commissioning of Installations,5.6.4.3 - Commissioning of Installations,,
5.6.5,Central Heating and Cooling,5.6.5 - Central Heating and Cooling,,
5.6.5.1,Combined Central Heating and Cooling Systems,5.6.5.1 - Combined Central Heating and Cooling Systems,,
5.6.5.2,Testing of Installations,5.6.5.2 - Testing of Installations,,
5.6.5.3,Commissioning of Installations,5.6.5.3 - Commissioning of Installations,,
5.6.6,Local Heating and Cooling,5.6.6 - Local Heating and Cooling,,
5.6.6.1,Local Heating and Cooling Units,5.6.6.1 - Local Heating and Cooling Units,,
5.6.6.2,Testing of Installations,5.6.6.2 - Testing of Installations,,
5.6.6.3,Commissioning of Installations,5.6.6.3 - Commissioning of Installations,,
5.6.7,Central Air Conditioning,5.6.7 - Central Air Conditioning,,
5.6.7.1,Central Air Conditioning Systems,5.6.7.1 - Central Air Conditioning Systems,,
5.6.7.2,Testing of Installations,5.6.7.2 - Testing of Installations,,
5.6.7.3,Commissioning of Installations,5.6.7.3 - Commissioning of Installations,,
5.6.8,Local Air Conditioning,5.6.8 - Local Air Conditioning,,
5.6.8.1,Self Contained Air Conditioning Units,5.6.8.1 - Self Contained Air Conditioning Units,,
5.6.8.2,Other Local Air Conditioning Units,5.6.8.2 - Other Local Air Conditioning Units,,
5.6.8.3,Testing of Installations,5.6.8.3 - Testing of Installations,,
5.6.8.4,Commissioning of Installations,5.6.8.4 - Commissioning of Installations,,
5.7,Ventilation,5.7 - Ventilation,,
5.7.1,Central Ventilation,5.7.1 - Central Ventilation,,
5.7.1.1,Central Ventilation Systems,5.7.1.1 - Central Ventilation Systems,,
5.7.1.2,Testing of Installations,5.7.1.2 - Testing of Installations,,
5.7.1.3,Commissioning of Installations,5.7.1.3 - Commissioning of Installations,,
5.7.2,Local and Special Ventilation,5.7.2 - Local and Special Ventilation,,
5.7.2.1,Toilet Bathroom Ventilation Units,5.7.2.1 - Toilet Bathroom Ventilation Units,,
5.7.2.10,Roof Mounted Ventilation Units,5.7.2.10 - Roof Mounted Ventilation Units,,
5.7.2.11,Car Parking Ventilation Units,5.7.2.11 - Car Parking Ventilation Units,,
5.7.2.12,Other Local and Special Ventilation Systems,5.7.2.12 - Other Local and Special Ventilation Systems,,
5.7.2.13,Testing of Installations,5.7.2.13 - Testing of Installations,,
5.7.2.14,Commissioning of Installations,5.7.2.14 - Commissioning of Installations,,
5.7.2.2,Kitchen Ventilation Units,5.7.2.2 - Kitchen Ventilation Units,,
5.7.2.3,Safety Cabinet and Fume Cupboard Extracts,5.7.2.3 - Safety Cabinet and Fume Cupboard Extracts,,
5.7.2.4,Fume Extracts,5.7.2.4 - Fume Extracts,,
5.7.2.5,Dust Collection Units,5.7.2.5 - Dust Collection Units,,
5.7.2.6,Anaesthetic Gas Extracts,5.7.2.6 - Anaesthetic Gas Extracts,,
5.7.2.7,Cyclone Systems,5.7.2.7 - Cyclone Systems,,
5.7.2.8,Unit Extract Fans,5.7.2.8 - Unit Extract Fans,,
5.7.2.9,Rotating Ventilators,5.7.2.9 - Rotating Ventilators,,
5.7.3,Smoke Extract Control,5.7.3 - Smoke Extract Control,,
5.7.3.1,Smoke Extract Control Systems,5.7.3.1 - Smoke Extract Control Systems,,
5.7.3.2,Testing of Installations,5.7.3.2 - Testing of Installations,,
5.7.3.3,Commissioning of Installations,5.7.3.3 - Commissioning of Installations,,
5.8,Electrical Installations,5.8 - Electrical Installations,,
5.8.1,Electrical Mains and Sub-Mains Distribution,5.8.1 - Electrical Mains and Sub-Mains Distribution,,
5.8.1.1,Electrical Mains and Sub-Mains Distribution,5.8.1.1 - Electrical Mains and Sub-Mains Distribution,,
5.8.1.2,Testing of Installations,5.8.1.2 - Testing of Installations,,
5.8.1.3,Commissioning of Installations,5.8.1.3 - Commissioning of Installations,,
5.8.2,Power Installations,5.8.2 - Power Installations,,
5.8.2.1,Power Installations,5.8.2.1 - Power Installations,,
5.8.2.2,Testing of Installations,5.8.2.2 - Testing of Installations,,
5.8.2.3,Commissioning of Installations,5.8.2.3 - Commissioning of Installations,,
5.8.3,Lighting Installations,5.8.3 - Lighting Installations,,
5.8.3.1,Lighting Installations,5.8.3.1 - Lighting Installations,,
5.8.3.2,Testing of Installations,5.8.3.2 - Testing of Installations,,
5.8.3.3,Commissioning of Installations,5.8.3.3 - Commissioning of Installations,,
5.8.4,Specialist Lighting Installations,5.8.4 - Specialist Lighting Installations,,
5.8.4.1,Specialist Lighting Installations,5.8.4.1 - Specialist Lighting Installations,,
5.8.4.2,Testing of Installations,5.8.4.2 - Testing of Installations,,
5.8.4.3,Commissioning of Installations,5.8.4.3 - Commissioning of Installations,,
5.8.5,Local Electricity Generation Systems,5.8.5 - Local Electricity Generation Systems,,
5.8.5.1,Local Generation Equipment,5.8.5.1 - Local Generation Equipment,,
5.8.5.1.1,Electricity Generation Systems,5.8.5.1.1 - Electricity Generation Systems,,
5.8.5.1.2,Testing of Installations,5.8.5.1.2 - Testing of Installations,,
5.8.5.1.3,Commissioning of Installations,5.8.5.1.3 - Commissioning of Installations,,
5.8.5.2,Transformation Devices,5.8.5.2 - Transformation Devices,,
5.8.5.2.1,Wind Turbines,5.8.5.2.1 - Wind Turbines,,
5.8.5.2.2,Photovoltaic Devices,5.8.5.2.2 - Photovoltaic Devices,,
5.8.5.2.3,Other Transformation Devices,5.8.5.2.3 - Other Transformation Devices,,
5.8.5.2.4,Testing of Installations,5.8.5.2.4 - Testing of Installations,,
5.8.5.2.5,Commissioning of Installations,5.8.5.2.5 - Commissioning of Installations,,
5.8.6,Earthing and Bonding Systems,5.8.6 - Earthing and Bonding Systems,,
5.8.6.1,Earthing and Bonding Systems,5.8.6.1 - Earthing and Bonding Systems,,
5.8.6.2,Testing of Installations,5.8.6.2 - Testing of Installations,,
5.8.6.3,Commissioning of Installations,5.8.6.3 - Commissioning of Installations,,
5.9,Fuel Installations,5.9 - Fuel Installations,,
5.9.1,Fuel Storage,5.9.1 - Fuel Storage,,
5.9.1.1,Fuel Storage,5.9.1.1 - Fuel Storage,,
5.9.1.2,Testing of Installations,5.9.1.2 - Testing of Installations,,
5.9.1.3,Commissioning of Installations,5.9.1.3 - Commissioning of Installations,,
5.9.2,Fuel Distribution,5.9.2 - Fuel Distribution,,
5.9.2.1,Piped Distribution Systems,5.9.2.1 - Piped Distribution Systems,,
5.9.2.2,Testing of Installations,5.9.2.2 - Testing of Installations,,
5.9.2.3,Commissioning of Installations,5.9.2.3 - Commissioning of Installations,,
6,Prefabricated Buildings and Building Units,6 - Prefabricated Buildings and Building Units,,
6.1,Complete Buildings,6.1 - Complete Buildings,,
6.1.1,Prefabricated Modular Buildings,6.1.1 - Prefabricated Modular Buildings,,
6.1.2,Onsite Testing of Installations,6.1.2 - Onsite Testing of Installations,,
6.1.3,Onsite Commissioning of Installations,6.1.3 - Onsite Commissioning of Installations,,
6.2,Building Units,6.2 - Building Units,,
6.2.1,Prebaricated Room Units,6.2.1 - Prebaricated Room Units,,
6.2.2,Onsite Testing of Installations,6.2.2 - Onsite Testing of Installations,,
6.2.3,Onsite Commissioning of Installations,6.2.3 - Onsite Commissioning of Installations,,
6.3,Pods,6.3 - Pods,,
6.3.1,Prefabricated Bathroom Pods,6.3.1 - Prefabricated Bathroom Pods,,
6.3.2,Prefabricated Toilet Pods,6.3.2 - Prefabricated Toilet Pods,,
6.3.3,Prefabricated Shower Room Pods,6.3.3 - Prefabricated Shower Room Pods,,
6.3.4,Onsite Testing of Installations,6.3.4 - Onsite Testing of Installations,,
6.3.5,Onsite Commissioning of Installations,6.3.5 - Onsite Commissioning of Installations,,
7,Work to Existing Buildings,7 - Work to Existing Buildings,,
7.1,Minor Demolition Works and Alteration Works,7.1 - Minor Demolition Works and Alteration Works,,
7.1.1,Minor Demolition Works and Alteration Works,7.1.1 - Minor Demolition Works and Alteration Works,,
7.1.1.1,Spot Items,7.1.1.1 - Spot Items,,
7.1.1.2,Minor Demolition Works,7.1.1.2 - Minor Demolition Works,,
7.1.1.3,Removal,7.1.1.3 - Removal,,
7.1.1.4,Alterations,7.1.1.4 - Alterations,,
7.2,Repairs to Existing Services,7.2 - Repairs to Existing Services,,
7.2.1,Repairs to Existing Services,7.2.1 - Repairs to Existing Services,,
7.2.1.1,Equipment Plant Repairs,7.2.1.1 - Equipment Plant Repairs,,
7.2.1.2,Overhauling Services Installations Systems,7.2.1.2 - Overhauling Services Installations Systems,,
7.2.1.3,Testing of Equipment Plant and or Installations,7.2.1.3 - Testing of Equipment Plant and or Installations,,
7.2.1.4,Commissioning of Equipment Plant and or Installations,7.2.1.4 - Commissioning of Equipment Plant and or Installations,,
7.3,Damp Proof Courses Fungus and Beetle Eradication,7.3 - Damp Proof Courses Fungus and Beetle Eradication,,
7.3.1,Damp Proof Courses,7.3.1 - Damp Proof Courses,,
7.3.1.1,Damp Proof Courses,7.3.1.1 - Damp Proof Courses,,
7.3.2,Fungus Beetle Eradication,7.3.2 - Fungus Beetle Eradication,,
7.3.2.1,Eradication Treatment,7.3.2.1 - Eradication Treatment,,
7.4,Facade Retention,7.4 - Facade Retention,,
7.4.1,Facade Retention,7.4.1 - Facade Retention,,
7.4.1.1,Support Structures,7.4.1.1 - Support Structures,,
7.4.1.2,Periodic Technical Inspections of Support Structures,7.4.1.2 - Periodic Technical Inspections of Support Structures,,
7.4.1.3,Removing Support Structures,7.4.1.3 - Removing Support Structures,,
7.5,Cleaning Existing Surfaces,7.5 - Cleaning Existing Surfaces,,
7.5.1,Cleaning,7.5.1 - Cleaning,,
7.5.1.1,Cleaning Existing Services details,7.5.1.1 - Cleaning Existing Services details,,
7.5.2,Protective Coatings,7.5.2 - Protective Coatings,,
7.5.2.1,Protective Coatings to Existing Surfaces,7.5.2.1 - Protective Coatings to Existing Surfaces,,
7.6,Renovation Works,7.6 - Renovation Works,,
7.6.1,Masonry Repairs,7.6.1 - Masonry Repairs,,
7.6.1.1,Masonry Repairs Details,7.6.1.1 - Masonry Repairs Details,,
7.6.2,Concrete Repairs,7.6.2 - Concrete Repairs,,
7.6.2.1,Concrete Repairs Details,7.6.2.1 - Concrete Repairs Details,,
7.6.3,Metal Repairs,7.6.3 - Metal Repairs,,
7.6.3.1,Metal Repairs Details,7.6.3.1 - Metal Repairs Details,,
7.6.4,Timber Repairs,7.6.4 - Timber Repairs,,
7.6.4.1,Timber Repairs Details,7.6.4.1 - Timber Repairs Details,,
7.6.5,Pastic Repairs,7.6.5 - Pastic Repairs,,
7.6.5.1,Pastic Repairs Details,7.6.5.1 - Pastic Repairs Details,,
8,External Works,8 - External Works,,
8.1,Site Preparation Works,8.1 - Site Preparation Works,,
8.1.1,Site Clearance,8.1.1 - Site Clearance,,
8.1.1.1,Clearing Vegetation,8.1.1.1 - Clearing Vegetation,,
8.1.1.2,Taking Down Trees,8.1.1.2 - Taking Down Trees,,
8.1.1.3,Removing Tree Stumps and Roots,8.1.1.3 - Removing Tree Stumps and Roots,,
8.1.1.4,Tree Protection,8.1.1.4 - Tree Protection,,
8.1.1.5,Minor Demolition Works,8.1.1.5 - Minor Demolition Works,,
8.1.1.6,Applying Herbicides,8.1.1.6 - Applying Herbicides,,
8.1.2,Preparatory Groundworks,8.1.2 - Preparatory Groundworks,,
8.1.2.1,Forming New Site Contours and Adjusting Existing Site Levels,8.1.2.1 - Forming New Site Contours and Adjusting Existing Site Levels,,
8.1.2.2,Breaking out existing Structures,8.1.2.2 - Breaking out existing Structures,,
8.1.2.3,Breaking out Existing Hard Pavings,8.1.2.3 - Breaking out Existing Hard Pavings,,
8.1.2.4,Grubbing Up Old Drainage Pipelines,8.1.2.4 - Grubbing Up Old Drainage Pipelines,,
8.1.2.5,Grubbing Up Old Manholes,8.1.2.5 - Grubbing Up Old Manholes,,
8.1.2.6,Filling Disused Manholes,8.1.2.6 - Filling Disused Manholes,,
8.1.2.7,Removing Underground Storage Tanks,8.1.2.7 - Removing Underground Storage Tanks,,
8.2,Roads Paths Pavings and Surfacing,8.2 - Roads Paths Pavings and Surfacing,,
8.2.1,Roads Paths and Pavings,8.2.1 - Roads Paths and Pavings,,
8.2.1.1,Roads,8.2.1.1 - Roads,,
8.2.1.10,Vehicle Protection Barriers,8.2.1.10 - Vehicle Protection Barriers,,
8.2.1.11,Bumpers,8.2.1.11 - Bumpers,,
8.2.1.12,Pavement Markings,8.2.1.12 - Pavement Markings,,
8.2.1.13,Repairs to Existing Roads Paths and Pavings,8.2.1.13 - Repairs to Existing Roads Paths and Pavings,,
8.2.1.2,Paths,8.2.1.2 - Paths,,
8.2.1.3,Paved Areas and Hardstandings,8.2.1.3 - Paved Areas and Hardstandings,,
8.2.1.4,Roundabouts,8.2.1.4 - Roundabouts,,
8.2.1.5,Road Crossings,8.2.1.5 - Road Crossings,,
8.2.1.6,Steps,8.2.1.6 - Steps,,
8.2.1.7,Ramps,8.2.1.7 - Ramps,,
8.2.1.8,traffic Calming Accessories,8.2.1.8 - traffic Calming Accessories,,
8.2.1.9,Tree Grilles,8.2.1.9 - Tree Grilles,,
8.2.2,Special Surfacings and Pavings,8.2.2 - Special Surfacings and Pavings,,
8.2.2.1,Special Surfacings and Pavings,8.2.2.1 - Special Surfacings and Pavings,,
8.3,Soft Landscaping planting and Irrigation Systems,8.3 - Soft Landscaping planting and Irrigation Systems,,
8.3.1,Seeding and Turfing,8.3.1 - Seeding and Turfing,,
8.3.1.1,Grassed Areas,8.3.1.1 - Grassed Areas,,
8.3.1.2,Reinforced Grass Proprietary Systems,8.3.1.2 - Reinforced Grass Proprietary Systems,,
8.3.1.3,Marking Out of Grass Sports Pitches,8.3.1.3 - Marking Out of Grass Sports Pitches,,
8.3.1.4,Work to Existing Grass Areas,8.3.1.4 - Work to Existing Grass Areas,,
8.3.1.5,Maintenance of Grass Areas,8.3.1.5 - Maintenance of Grass Areas,,
8.3.2,External Planting,8.3.2 - External Planting,,
8.3.2.1,Planting,8.3.2.1 - Planting,,
8.3.2.2,Planting Reed Beds,8.3.2.2 - Planting Reed Beds,,
8.3.2.3,Hedges,8.3.2.3 - Hedges,,
8.3.2.4,Trees,8.3.2.4 - Trees,,
8.3.2.5,Woodland Planting,8.3.2.5 - Woodland Planting,,
8.3.2.6,Tree Surgery Thinning and Pruning,8.3.2.6 - Tree Surgery Thinning and Pruning,,
8.3.2.7,Maintenance Work to Plants and Shrubs and Planting Beds,8.3.2.7 - Maintenance Work to Plants and Shrubs and Planting Beds,,
8.3.2.8,Maintenance Work to Trees,8.3.2.8 - Maintenance Work to Trees,,
8.3.2.9,Maintenance Work to Hedges,8.3.2.9 - Maintenance Work to Hedges,,
8.3.3,Irrigation Systems,8.3.3 - Irrigation Systems,,
8.3.3.1,Irrigation Systems,8.3.3.1 - Irrigation Systems,,
8.3.3.2,Testing of Installations,8.3.3.2 - Testing of Installations,,
8.3.3.3,Commissioning of Installations,8.3.3.3 - Commissioning of Installations,,
8.4,Fencing Railings and Walls,8.4 - Fencing Railings and Walls,,
8.4.1,Fencing and Railings,8.4.1 - Fencing and Railings,,
8.4.1.1,Fencing,8.4.1.1 - Fencing,,
8.4.1.2,Railings,8.4.1.2 - Railings,,
8.4.1.3,Gates,8.4.1.3 - Gates,,
8.4.2,Walls and Screens,8.4.2 - Walls and Screens,,
8.4.2.1,Walls,8.4.2.1 - Walls,,
8.4.2.2,Screens,8.4.2.2 - Screens,,
8.4.2.3,Gates,8.4.2.3 - Gates,,
8.4.3,Retaining Walls,8.4.3 - Retaining Walls,,
8.4.3.1,Retaining Walls,8.4.3.1 - Retaining Walls,,
8.4.4,Barriers and Guardrails,8.4.4 - Barriers and Guardrails,,
8.4.4.1,Vehicle Restraint Systems,8.4.4.1 - Vehicle Restraint Systems,,
8.4.4.2,Pedestrian restraint Systems,8.4.4.2 - Pedestrian restraint Systems,,
8.4.4.3,Vehicle and Pedestrian Control Barriers and Gates,8.4.4.3 - Vehicle and Pedestrian Control Barriers and Gates,,
8.5,External Fixtures,8.5 - External Fixtures,,
8.5.1,Site Street Furniture and Equipment,8.5.1 - Site Street Furniture and Equipment,,
8.5.1.1,Component,8.5.1.1 - Component,,
8.5.2,Ornamental Features,8.5.2 - Ornamental Features,,
8.5.2.1,Water Features,8.5.2.1 - Water Features,,
8.5.2.2,Other Features,8.5.2.2 - Other Features,,
8.6,External Drainage,8.6 - External Drainage,,
8.6.1,Surface Water and Foul Drainage,8.6.1 - Surface Water and Foul Drainage,,
8.6.1.1,Connections to Statutory Undertakers Sewers,8.6.1.1 - Connections to Statutory Undertakers Sewers,,
8.6.1.2,Drainage Runs Below Ground,8.6.1.2 - Drainage Runs Below Ground,,
8.6.1.3,Drainage Runs Above Ground,8.6.1.3 - Drainage Runs Above Ground,,
8.6.1.4,Prefabricated Channels,8.6.1.4 - Prefabricated Channels,,
8.6.1.5,Manholes and The Like,8.6.1.5 - Manholes and The Like,,
8.6.1.6,Alterations to Existing External Drainage Systems,8.6.1.6 - Alterations to Existing External Drainage Systems,,
8.6.1.7,Work to Existing Manholes,8.6.1.7 - Work to Existing Manholes,,
8.6.1.8,Clearing Existing Drains,8.6.1.8 - Clearing Existing Drains,,
8.6.1.9,Sealing Redundant Drains,8.6.1.9 - Sealing Redundant Drains,,
8.6.2,Ancillary Drainage Systems,8.6.2 - Ancillary Drainage Systems,,
8.6.2.1,Pumping Stations,8.6.2.1 - Pumping Stations,,
8.6.2.2,Ejector Stations,8.6.2.2 - Ejector Stations,,
8.6.2.3,Storage Retention Tanks and Vessels,8.6.2.3 - Storage Retention Tanks and Vessels,,
8.6.2.4,Sewage Treatment Systems,8.6.2.4 - Sewage Treatment Systems,,
8.6.2.5,Enzyme Systems,8.6.2.5 - Enzyme Systems,,
8.6.2.6,Sustainable Urban Drainage Schemes,8.6.2.6 - Sustainable Urban Drainage Schemes,,
8.6.2.7,Testing of Installations,8.6.2.7 - Testing of Installations,,
8.6.2.8,Commissioning of Installations,8.6.2.8 - Commissioning of Installations,,
8.6.3,External Chemical Toxic and Industrial Liquid Waste Drainage,8.6.3 - External Chemical Toxic and Industrial Liquid Waste Drainage,,
8.6.3.1,Drainage Runs Below Ground,8.6.3.1 - Drainage Runs Below Ground,,
8.6.3.2,Drainage Runs Above Ground,8.6.3.2 - Drainage Runs Above Ground,,
8.6.3.3,Equipment and Plant,8.6.3.3 - Equipment and Plant,,
8.6.3.4,Testing of Installations,8.6.3.4 - Testing of Installations,,
8.6.3.5,Commissioning of Installations,8.6.3.5 - Commissioning of Installations,,
8.6.4,Land Drainage,8.6.4 - Land Drainage,,
8.6.4.1,Drainage Runs Below Ground,8.6.4.1 - Drainage Runs Below Ground,,
8.6.4.2,Manholes and The Like,8.6.4.2 - Manholes and The Like,,
8.6.4.3,Drainage Blankets,8.6.4.3 - Drainage Blankets,,
8.6.4.4,Land Drainage to Parkland,8.6.4.4 - Land Drainage to Parkland,,
8.6.4.5,Testing of Installations,8.6.4.5 - Testing of Installations,,
8.6.4.6,Commissioning of Installations,8.6.4.6 - Commissioning of Installations,,
8.7,External Services,8.7 - External Services,,
8.7.1,Water Mains Supply,8.7.1 - Water Mains Supply,,
8.7.1.1,Connections to Statutory Undertakers Water Main,8.7.1.1 - Connections to Statutory Undertakers Water Main,,
8.7.1.2,Connections to External Plant and Equipment,8.7.1.2 - Connections to External Plant and Equipment,,
8.7.1.3,Service Runs,8.7.1.3 - Service Runs,,
8.7.1.4,Rainwater Harvesting Systems,8.7.1.4 - Rainwater Harvesting Systems,,
8.7.1.5,Grey Water Systems,8.7.1.5 - Grey Water Systems,,
8.7.1.6,Testing of Installations,8.7.1.6 - Testing of Installations,,
8.7.1.7,Commissioning of Installations,8.7.1.7 - Commissioning of Installations,,
8.7.10,Local District Heating Installations,8.7.10 - Local District Heating Installations,,
8.7.10.1,Heat Source Associated Plant and Equipment,8.7.10.1 - Heat Source Associated Plant and Equipment,,
8.7.10.2,Service Runs,8.7.10.2 - Service Runs,,
8.7.10.3,External Heating Ducts and Ducts Access Covers,8.7.10.3 - External Heating Ducts and Ducts Access Covers,,
8.7.10.4,Testing of Installations,8.7.10.4 - Testing of Installations,,
8.7.10.5,Commissioning of Installations,8.7.10.5 - Commissioning of Installations,,
8.7.11,Builders Work in Connection With External Services,8.7.11 - Builders Work in Connection With External Services,,
8.7.11.1,Ducts and The Like,8.7.11.1 - Ducts and The Like,,
8.7.11.2,Support to External Storage Tanks Vessels,8.7.11.2 - Support to External Storage Tanks Vessels,,
8.7.11.3,Fuel Bunds and The Like to Storage Retention Tanks and Vessels,8.7.11.3 - Fuel Bunds and The Like to Storage Retention Tanks and Vessels,,
8.7.11.4,Protective Compounds Fencing Storage Racks Associated With LPG Installations,8.7.11.4 - Protective Compounds Fencing Storage Racks Associated With LPG Installations,,
8.7.11.5,Protective Compounds Connected With Transformer Sub-Stations,8.7.11.5 - Protective Compounds Connected With Transformer Sub-Stations,,
8.7.11.6,Bases for Services Equipment,8.7.11.6 - Bases for Services Equipment,,
8.7.11.7,Other Builders Work in Connection With External Services,8.7.11.7 - Other Builders Work in Connection With External Services,,
8.7.11.8,Testing of Installations,8.7.11.8 - Testing of Installations,,
8.7.11.9,Commissioning of Installations,8.7.11.9 - Commissioning of Installations,,
8.7.2,Electricity Mains Supply,8.7.2 - Electricity Mains Supply,,
8.7.2.1,Connections to Statutory Undertakers Electricity Main,8.7.2.1 - Connections to Statutory Undertakers Electricity Main,,
8.7.2.2,Service Runs,8.7.2.2 - Service Runs,,
8.7.2.3,Transformer Sub-Stations,8.7.2.3 - Transformer Sub-Stations,,
8.7.2.4,External Electricity Generation Installation Plant,8.7.2.4 - External Electricity Generation Installation Plant,,
8.7.3,External Transformation Services,8.7.3 - External Transformation Services,,
8.7.3.1,Wind Turbines,8.7.3.1 - Wind Turbines,,
8.7.3.2,Photovoltaic Devices,8.7.3.2 - Photovoltaic Devices,,
8.7.3.3,Other Transformation Devices,8.7.3.3 - Other Transformation Devices,,
8.7.3.4,Testing of Installations,8.7.3.4 - Testing of Installations,,
8.7.3.5,Commissioning of Installations,8.7.3.5 - Commissioning of Installations,,
8.7.4,Electricity Distribution to External Plant and Equipment,8.7.4 - Electricity Distribution to External Plant and Equipment,,
8.7.4.1,Connections to External Plant and Equipment,8.7.4.1 - Connections to External Plant and Equipment,,
8.7.4.2,Connections to External Equipment,8.7.4.2 - Connections to External Equipment,,
8.7.4.3,Service Runs,8.7.4.3 - Service Runs,,
8.7.4.4,Testing of Installations,8.7.4.4 - Testing of Installations,,
8.7.4.5,Commissioning of Installations,8.7.4.5 - Commissioning of Installations,,
8.7.5,Gas Mains Supply,8.7.5 - Gas Mains Supply,,
8.7.5.1,Connections to Statutory Undertakers Gas Main,8.7.5.1 - Connections to Statutory Undertakers Gas Main,,
8.7.5.2,Service Runs,8.7.5.2 - Service Runs,,
8.7.5.3,Governing Stations,8.7.5.3 - Governing Stations,,
8.7.5.4,Testing of Installations,8.7.5.4 - Testing of Installations,,
8.7.5.5,Commissioning of Installations,8.7.5.5 - Commissioning of Installations,,
8.7.6,Telecommunications and Other Communication Systems,8.7.6 - Telecommunications and Other Communication Systems,,
8.7.6.1,Telecommunication Connections,8.7.6.1 - Telecommunication Connections,,
8.7.6.2,Cable Television Connections,8.7.6.2 - Cable Television Connections,,
8.7.6.3,Other Communication Connections,8.7.6.3 - Other Communication Connections,,
8.7.6.4,Service Runs,8.7.6.4 - Service Runs,,
8.7.6.5,Testing of Installations,8.7.6.5 - Testing of Installations,,
8.7.6.6,Commissioning of Installations,8.7.6.6 - Commissioning of Installations,,
8.7.7,External Fuel Storage and Piped Distribution Systems,8.7.7 - External Fuel Storage and Piped Distribution Systems,,
8.7.7.1,Fuel Storage and Piped Distribution Systems,8.7.7.1 - Fuel Storage and Piped Distribution Systems,,
8.7.7.2,Service Runs,8.7.7.2 - Service Runs,,
8.7.7.3,Testing of Installations,8.7.7.3 - Testing of Installations,,
8.7.7.4,Commissioning of Installations,8.7.7.4 - Commissioning of Installations,,
8.7.8,External Security Systems,8.7.8 - External Security Systems,,
8.7.8.1,Surveillance Equipment,8.7.8.1 - Surveillance Equipment,,
8.7.8.10,Commissioning of Installations,8.7.8.10 - Commissioning of Installations,,
8.7.8.2,Security Detection Equipment,8.7.8.2 - Security Detection Equipment,,
8.7.8.3,Security Alarm Equipment,8.7.8.3 - Security Alarm Equipment,,
8.7.8.4,Gate Access Control Systems,8.7.8.4 - Gate Access Control Systems,,
8.7.8.5,Gate Entry Systems,8.7.8.5 - Gate Entry Systems,,
8.7.8.6,Security Lights and Lighting Systems,8.7.8.6 - Security Lights and Lighting Systems,,
8.7.8.7,Other Secirity Systems,8.7.8.7 - Other Secirity Systems,,
8.7.8.8,Service Runs,8.7.8.8 - Service Runs,,
8.7.8.9,Testing of Installations,8.7.8.9 - Testing of Installations,,
8.7.9,External Street Lighting Systems,8.7.9 - External Street Lighting Systems,,
8.7.9.1,External Lighting to Pedestrian Areas,8.7.9.1 - External Lighting to Pedestrian Areas,,
8.7.9.2,External Lighting to Paths,8.7.9.2 - External Lighting to Paths,,
8.7.9.3,Illuminated Traffic Signs,8.7.9.3 - Illuminated Traffic Signs,,
8.7.9.4,Testing of Installations,8.7.9.4 - Testing of Installations,,
8.7.9.5,Commissioning of Installations,8.7.9.5 - Commissioning of Installations,,
8.8,Minor Building Works and Ancillary Buildings,8.8 - Minor Building Works and Ancillary Buildings,,
8.8.1,Minor Building Works,8.8.1 - Minor Building Works,,
8.8.1.1,Refurbishment of Existing Ancillary Buildings,8.8.1.1 - Refurbishment of Existing Ancillary Buildings,,
8.8.1.2,Overhauling Existing Mechanical and Electrical Plant and Equiment,8.8.1.2 - Overhauling Existing Mechanical and Electrical Plant and Equiment,,
8.8.1.3,Repairs to Existing Fences Railings Walls and Screen Walls,8.8.1.3 - Repairs to Existing Fences Railings Walls and Screen Walls,,
8.8.2,Ancillary Buildings and Structures,8.8.2 - Ancillary Buildings and Structures,,
8.8.2.1,Minor Ancillary Buildings-Built,8.8.2.1 - Minor Ancillary Buildings-Built,,
8.8.2.2,Minor Ancillary Building-Prefabricated Proprietary,8.8.2.2 - Minor Ancillary Building-Prefabricated Proprietary,,
8.8.3,Underpinning to External Site Boundary Walls,8.8.3 - Underpinning to External Site Boundary Walls,,
8.8.3.1,Underpinning to External Site Boundary Walls,8.8.3.1 - Underpinning to External Site Boundary Walls,,
